Model,Accuracy,Precision,Recall,F1-Score,AUC
CV-GCN,0.9115068493150685,0.9115384960984931,0.9115068493150685,0.9114924703898706,0.9738908194310268
DSS-GCN,0.8901369863013698,0.8929904956772579,0.8901369863013698,0.8898129250382092,0.970221788050505
GCN,0.8797260273972602,0.8879378391972533,0.8797260273972602,0.8788542389394607,0.9699287521808717
CNN,0.86,0.8611852841587154,0.86,0.8599847098187059,0.9413292924122485
Transformer,0.827945205479452,0.8476236356326502,0.827945205479452,0.8248911359700561,0.8915800325869105
LSTM,0.8213698630136986,0.8421567958883378,0.8213698630136986,0.817979551870228,0.8381937335082837
