Model,Accuracy,Precision,Recall,F1-Score,AUC
CV-GCN,0.9912328767123287,0.9912787687191276,0.9912328767123287,0.9912316912984758,0.999382086331281
DSS-GCN,0.9838356164383562,0.9838441304456311,0.9838356164383562,0.9838362536975758,0.9970894674106863
Transformer,0.9786301369863014,0.9794875697615424,0.9786301369863014,0.9786100799887749,0.9996953989012732
GCN,0.9723287671232876,0.9726811481714495,0.9723287671232876,0.9723146598975179,0.996442565570343
CNN,0.9586301369863014,0.961727236299672,0.9586301369863014,0.958520437503047,0.9999011698604723
LSTM,0.8501369863013699,0.865000911638556,0.8501369863013699,0.8481785100560739,0.9078479541860722
